{"metadata":{"asset_id":"4752187f-bbc8-499c-86b7-e089c29a619a","asset_attributes":["data_asset"],"name":"dataset_desafio_2.csv","asset_type":"data_asset","created_at":"2020-08-20T16:31:57Z","description":"","origin_country":"us","owner_id":"IBMid-50N0XH5NW9","project_id":"714d3a59-42b4-436f-be10-90c77bf423aa","size":1520235,"tags":[],"usage":{"last_update_time":1597941118401,"last_updated_at":"2020-08-20T16:31:58Z"}},"entity":{"data_asset":{"mime_type":"text/csv","dataset":false}},"attachments":[{"id":"96a2b7cd-ba08-4611-80c2-ba19ffd038ff","version":2,"asset_type":"data_asset","name":"dataset_desafio_2.csv","mime":"text/csv","datasource_type":"193a97c1-4475-4a19-b90c-295c4fdc6517","object_key":"dataset_desafio_2.csv","creator_id":"iam-ServiceId-f49c5558-c247-4983-a04f-7d3c7a3d55da","create_time":1597941118267,"size":1520235,"is_remote":false,"is_managed":false,"is_referenced":true,"is_object_key_read_only":false,"is_user_provided_path_key":true,"transfer_complete":true,"is_partitioned":false,"complete_time_ticks":1597941118267,"user_data":{},"test_doc":0,"handle":{"bucket":"desafio2-donotdelete-pr-a4rvittqna2hv9","location":"us-geo","key":"dataset_desafio_2.csv","upload_id":"done","max_part_num":1},"usage":{"access_count":0,"last_accessor_id":"iam-ServiceId-f49c5558-c247-4983-a04f-7d3c7a3d55da","last_access_time":1597941118267}}]}
