{"metadata":{"asset_id":"a5224c9b-ad68-4525-8d10-86e0db16f893","asset_attributes":["notebook"],"name":"parte-1","asset_type":"notebook","created_at":"2020-08-20T16:34:19Z","description":"","origin_country":"us","owner_id":"IBMid-50N0XH5NW9","project_id":"714d3a59-42b4-436f-be10-90c77bf423aa","size":13036,"tags":["notebook"],"usage":{"last_update_time":1597941260746,"last_updated_at":"2020-08-20T16:34:20Z"}},"entity":{"notebook":{"kernel":"","originates_from":{"type":"file"},"runtime":{"environment":"conda2py36-714d3a59-42b4-436f-be10-90c77bf423aa"}}},"attachments":[{"id":"a83e6a4b-f276-4e04-899b-74991c305855","version":2,"asset_type":"notebook","name":"attachment for notebook a5224c9b-ad68-4525-8d10-86e0db16f893","description":"attachment for notebook a5224c9b-ad68-4525-8d10-86e0db16f893","mime":"application/json","datasource_type":"193a97c1-4475-4a19-b90c-295c4fdc6517","object_key":"notebook/parte-1_QCeuDQI7m.ipynb","creator_id":"IBMid-50N0XH5NW9","create_time":1597941260746,"size":13036,"is_remote":false,"is_managed":false,"is_referenced":true,"is_object_key_read_only":false,"is_user_provided_path_key":true,"transfer_complete":true,"is_partitioned":false,"complete_time_ticks":1597941260746,"user_data":{},"test_doc":0,"handle":{"bucket":"desafio2-donotdelete-pr-a4rvittqna2hv9","location":"us-geo","key":"notebook/parte-1_QCeuDQI7m.ipynb","upload_id":"done","max_part_num":1},"usage":{"access_count":0,"last_accessor_id":"IBMid-50N0XH5NW9","last_access_time":1597941260746}}]}
