{"metadata":{"asset_id":"f6ed7365-9194-4adb-8d46-955b60b27e36","asset_attributes":["notebook"],"name":"parte-2","asset_type":"notebook","created_at":"2020-08-20T16:35:35Z","description":"","origin_country":"us","owner_id":"IBMid-50N0XH5NW9","project_id":"714d3a59-42b4-436f-be10-90c77bf423aa","size":46056,"tags":["notebook"],"usage":{"last_update_time":1597942970760,"last_updated_at":"2020-08-20T17:02:50Z"}},"entity":{"notebook":{"kernel":{"name":"python3","display_name":"Python 3.6","language":"python"},"originates_from":{"type":"file"},"runtime":{"environment":"conda2py36-714d3a59-42b4-436f-be10-90c77bf423aa"}}},"attachments":[{"id":"82cf4f04-a74c-4c18-94e0-270f77fc79fe","version":2,"asset_type":"notebook","name":"attachment for notebook f6ed7365-9194-4adb-8d46-955b60b27e36","description":"attachment for notebook f6ed7365-9194-4adb-8d46-955b60b27e36","mime":"application/json","datasource_type":"193a97c1-4475-4a19-b90c-295c4fdc6517","object_key":"notebook/parte-2_A_wL2anop.ipynb","creator_id":"IBMid-50N0XH5NW9","create_time":1597941337418,"size":46056,"is_remote":false,"is_managed":false,"is_referenced":true,"is_object_key_read_only":false,"is_user_provided_path_key":true,"transfer_complete":true,"is_partitioned":false,"complete_time_ticks":1597941337418,"user_data":{},"test_doc":0,"handle":{"bucket":"desafio2-donotdelete-pr-a4rvittqna2hv9","location":"us-geo","key":"notebook/parte-2_A_wL2anop.ipynb","upload_id":"done","max_part_num":1},"usage":{"access_count":0,"last_accessor_id":"IBMid-50N0XH5NW9","last_access_time":1597941337418}}]}
